"last_name, first_name","player_id","year","p_ball","p_called_strike","pitch_count","in_zone_percent","whiff_percent"
"King, Michael",650633,2025,"453","216",1219,48.3,25.8
"Adams, Travis",701519,2025,"236","99",663,47.5,25.6
"Díaz, Edwin",621242,2025,"371","167",1067,48.4,41.5
"Finnegan, Kyle",640448,2025,"263","142",846,56,24.6
"Irvin, Jake",663623,2025,"1011","524",2945,55.1,18.2
"Jackson, Luke",592426,2025,"265","124",782,50.1,22.7
"Waldrep, Hurston",694462,2025,"322","142",886,50.7,28.5
"Sears, JP",676664,2025,"839","393",2366,52.1,21.6
"Fernandez, Ryan",681676,2025,"174","67",524,48.7,32.1
"Sale, Chris",519242,2025,"642","364",2031,52.5,30.1
"Soriano, George",666277,2025,"230","126",692,50.7,26
"Tidwell, Blade",694918,2025,"115","58",309,50.8,19.7
"Sisk, Evan",681895,2025,"126","70",329,47.7,31
"Fried, Max",608331,2025,"1061","516",3109,49.4,26.6
"Fermin, José",820862,2025,"220","110",645,51.9,33.1
"Giolito, Lucas",608337,2025,"789","388",2368,51,22.9
"Dana, Caden",702674,2025,"216","95",562,47.9,28.2
"Vesia, Alex",681911,2025,"331","157",1023,52.7,30.7
"Martin, Corbin",656686,2025,"110","55",332,49.1,31.1
"Cannon, Jonathan",686563,2025,"636","255",1793,51.2,21.4
"Lawrence, Casey",596271,2025,"92","52",276,50.4,14.2
"Blewett, Scott",656240,2025,"248","100",711,49.5,27.6
"Ramírez, Erasmo",541640,2025,"54","21",158,53.8,15
"O'Brien, Riley",676617,2025,"263","128",758,47.4,24.6
"Díaz, Alexis",664747,2025,"128","49",361,47.9,25
"Taillon, Jameson",592791,2025,"618","375",1979,53.4,20.8
"Zuber, Tyler",676604,2025,"85","48",245,53.9,19.8
"Suter, Brent",608718,2025,"376","186",1137,53.5,21.4
"Soto, Gregory",642397,2025,"302","183",1031,50.1,29.9
"Kelly, Merrill",518876,2025,"938","465",2833,48,24.1
"Martin, Davis",663436,2025,"794","323",2309,50.8,21.6
"Wells, Tyler",669330,2025,"98","49",342,56.1,23.4
"Avila, Luinder",679883,2025,"77","30",217,44.7,29.1
"Pfaadt, Brandon",694297,2025,"979","464",2920,50.6,22.1
"Rodón, Carlos",607074,2025,"1097","547",3212,46.2,30.3
"Crismatt, Nabil",622503,2025,"158","108",534,50.6,23.8
"Nola, Aaron",605400,2025,"523","286",1568,48.1,25.2
"Kittredge, Andrew",552640,2025,"208","130",768,49.3,29.8
"Schwellenbach, Spencer",680885,2025,"460","266",1573,54.9,28.3
"Whitley, Forrest",666215,2025,"95","40",256,53.1,19.5
"Anderson, Grant",681982,2025,"412","184",1158,50.3,30.9
"Cruz, Fernando",518585,2025,"267","136",792,41.2,46.5
"Doval, Camilo",666808,2025,"373","175",1104,49.2,28.4
"Montas, Frankie",593423,2025,"208","108",708,47.3,23.8
"Sewald, Paul",623149,2025,"102","60",317,58.7,27.5
"Palencia, Daniel",694037,2025,"279","125",841,53.9,27.5
"Graceffo, Gordon",700669,2025,"218","121",756,51.2,23.1
"Holmes, Grant",656550,2025,"654","288",1964,48.5,29.7
"Enns, Dietrich",608650,2025,"217","107",741,54.3,27.2
"Santana, Dennis",642701,2025,"278","183",1002,55,27.3
"Ginn, J.T.",669372,2025,"600","264",1575,44.5,28.7
"Bivens, Spencer",702352,2025,"401","231",1294,51.9,17
"Holton, Tyler",663947,2025,"378","203",1159,49.5,24.6
"Henderson, Logan",701656,2025,"132","52",410,53.7,27.6
"Senga, Kodai",673540,2025,"651","282",1902,45.6,27.4
"McLean, Nolan",690997,2025,"260","157",739,52.5,28.4
"Cease, Dylan",656302,2025,"1028","426",3044,46.5,33.4
"Hodge, Porter",687863,2025,"219","104",624,49.7,26.7
"Moll, Sam",594580,2025,"129","68",332,44,33.1
"Johnson, Ryan",696270,2025,"95","46",274,55.1,27.7
"Borucki, Ryan",621366,2025,"195","97",594,48.1,29.8
"Peralta, Sammy",671111,2025,"47","28",153,54.9,22.1
"Phillips, Tyler",663969,2025,"349","183",1114,47.2,27.3
"Iglesias, Raisel",628452,2025,"285","170",964,52.4,30.9
"Leahy, Kyle",681517,2025,"418","217",1350,52.9,23.1
"Burrows, Mike",681347,2025,"499","259",1537,52.6,27
"Green, Chad",643338,2025,"243","94",710,50.4,22.7
"Canning, Griffin",656288,2025,"460","228",1343,50.3,25.5
"Wolfram, Grant",664991,2025,"175","93",520,51.9,25.7
"Gusto, Ryan",687473,2025,"585","279",1760,54.9,23.4
"Sauer, Matt",669422,2025,"165","72",512,51,19.2
"Megill, Trevor",656730,2025,"220","138",753,53.1,31.4
"Alcantara, Sandy",645261,2025,"915","475",2891,52.7,20.9
"Bautista, Félix",642585,2025,"233","88",627,46.1,35.7
"Gonsolin, Tony",664062,2025,"216","107",609,50.2,30.3
"Hernández, Carlos",672578,2025,"255","112",759,53.4,26.6
"Fulmer, Carson",608334,2025,"162","72",461,46.6,24.9
"Hudson, Bryan",663542,2025,"123","65",318,51.3,26.9
"Baker, Bryan",641329,2025,"348","175",1102,52.9,29.1
"Garcia, Rico",670329,2025,"179","88",586,54.6,30.7
"Peralta, Wandy",593974,2025,"389","166",1138,46.6,29
"Soriano, José",667755,2025,"992","460",2784,49,27
"Bazardo, Eduard",660825,2025,"387","280",1224,56.3,19.4
"Yamamoto, Yoshinobu",808967,2025,"938","484",2789,49.8,28.9
"Guenther, Sean",674944,2025,"53","34",154,58.4,18.8
"Parker, Mitchell",680730,2025,"863","397",2705,53.7,19.6
"Bird, Jake",656234,2025,"298","220",957,54.5,28.1
"Lovelady, Richard",663992,2025,"71","36",221,50.2,28.7
"Allen, Logan",671106,2025,"963","469",2709,49.3,20.6
"Scott, Tanner",656945,2025,"253","127",911,54,29.5
"Nicolas, Kyle",693312,2025,"222","91",652,47.7,29.4
"Brubaker, JT",664141,2025,"151","79",469,43.9,23.9
"Sabrowski, Erik",681870,2025,"179","73",503,51.7,38.1
"Muñoz, Andrés",662253,2025,"337","179",1035,47.1,36.5
"Abbott, Andrew",671096,2025,"848","434",2677,51.1,24
"Perkins, Jack",678022,2025,"237","83",637,47.9,32.2
"Wicks, Jordan",696136,2025,"53","27",217,54.4,23.8
"Rogers, Trevor",669432,2025,"500","250",1627,55.4,25.6
"Nelson, Ryne",669194,2025,"813","371",2466,52.5,21.6
"Quantrill, Cal",615698,2025,"701","321",2004,48.3,20.2
"Chapman, Aroldis",547973,2025,"261","118",917,53.7,35.8
"Raley, Brooks",548384,2025,"131","80",388,51.8,20.8
"Burns, Chase",695505,2025,"243","98",765,52.3,31.9
"Imanaga, Shota",684007,2025,"683","301",2176,54,24.6
"Eder, Jake",671109,2025,"106","43",302,53.6,26.2
"Cavalli, Cade",676917,2025,"252","131",788,52.4,27.9
"Helsley, Ryan",664854,2025,"276","143",979,52.6,29.5
"Loáisiga, Jonathan",642528,2025,"144","65",467,46.3,26.5
"Allard, Kolby",663465,2025,"308","178",1000,56.3,19.6
"Shuster, Jared",694363,2025,"82","39",280,52.1,23.8
"De Los Santos, Enyel",660853,2025,"364","160",1105,53.6,30
"Pivetta, Nick",601713,2025,"934","516",2851,52.9,24.6
"Ellard, Fraser",686642,2025,"129","49",329,46.8,34.1
"Hancock, Emerson",676106,2025,"474","216",1423,51.3,20.3
"Mazur, Adam",800049,2025,"150","84",489,52.4,21.8
"deGrom, Jacob",594798,2025,"854","382",2614,50.2,30.2
"Gil, Luis",661563,2025,"364","167",970,53.2,21.5
"Lugo, Seth",607625,2025,"852","449",2380,51.2,20.6
"Strickland, Hunter",519326,2025,"109","48",332,51.8,21.3
"De los Santos, Yerry",660787,2025,"188","107",590,50.8,22.7
"Enright, Nic",663671,2025,"173","66",532,47.6,26.4
"Hernández, Daysbel",678226,2025,"271","106",717,45.6,29.2
"Backhus, Kyle",679775,2025,"140","86",430,56.7,21.8
"Gage, Matt",657424,2025,"175","85",531,48,23.1
"Daniel, Davis",669721,2025,"65","25",183,50.3,17.6
"Rodriguez, Eduardo",593958,2025,"913","404",2589,47.8,23
"Brash, Matt",666374,2025,"303","156",822,43.9,30.9
"Shugart, Chase",663767,2025,"269","118",692,49.9,24.6
"Whisenhunt, Carson",687931,2025,"139","63",408,45.6,23.8
"Romano, Jordan",605447,2025,"224","125",701,54.5,28.7
"Kochanowicz, Jack",686799,2025,"671","261",1859,48.8,20.8
"Ross, Joe",605452,2025,"290","116",862,53.5,22.4
"Sands, Cole",663485,2025,"376","185",1143,53.3,22.2
"Hjelle, Sean",663546,2025,"90","53",254,49.6,23.4
"Lodolo, Nick",666157,2025,"799","397",2478,50.5,27.5
"Núñez, Eduarniel",674384,2025,"91","35",249,47.4,32.4
"Sousa, Bennett",656986,2025,"223","103",728,51.1,36.8
"Teng, Kai-Wei",678906,2025,"191","105",573,49,27.5
"Arrighetti, Spencer",681293,2025,"229","110",618,49.5,27.4
"Sulser, Cole",642121,2025,"121","46",387,47,28.8
"Horn, Bailey",690544,2025,"76","32",224,54,22.9
"Ashcraft, Braxton",677952,2025,"343","176",1102,53.4,26.2
"Meyer, Max",676974,2025,"350","176",1039,53,27.4
"Halvorsen, Seth",678020,2025,"226","92",636,49.4,29.4
"Bradley, Taj",671737,2025,"814","336",2327,50.5,23.6
"Neris, Héctor",593576,2025,"203","76",548,46.4,28.6
"Vasil, Mike",678024,2025,"616","285",1646,49.6,24
"King, John",667463,2025,"249","116",782,50,19.9
"Burke, Brock",656271,2025,"332","136",1014,55,23.4
"Bowlan, Jonathan",680742,2025,"258","108",727,44.7,33.7
"Horton, Cade",690990,2025,"556","308",1788,52.3,25.8
"Lucas, Easton",687922,2025,"146","56",438,50.2,23.9
"Gore, MacKenzie",669022,2025,"949","383",2818,48,29.7
"Hoglund, Gunnar",680684,2025,"194","96",547,51.7,22
"Englert, Mason",669438,2025,"227","118",724,52.5,25.1
"Banda, Anthony",607455,2025,"382","146",1065,47.5,27.2
"Silseth, Chase",681217,2025,"73","26",212,43.4,34.9
"Headrick, Brent",687396,2025,"102","49",366,52.5,34.1
"Roycroft, Chris",688297,2025,"144","57",394,46.7,21.4
"Gilbert, Tyler",656457,2025,"306","130",839,49.8,26.2
"Hanifee, Brenan",669724,2025,"320","175",946,53.6,16.1
"Cabrera, Génesis",650893,2025,"239","111",715,49.7,27.1
"Ureña, José",570632,2025,"333","130",934,50.1,19.8
"Morillo, Juan",666661,2025,"226","79",617,49.4,26.6
"Seymour, Ian",693855,2025,"322","156",995,52.9,27
"Cleavinger, Garrett",664076,2025,"260","158",874,54.2,36
"Alvarado, Elvis",665660,2025,"286","106",765,45.6,33.7
"Ohl, Pierson",701487,2025,"174","85",544,49.8,22
"Bowman, Matt",621199,2025,"160","77",447,51.5,17.4
"Elder, Bryce",693821,2025,"867","413",2514,48.1,22.5
"Chivilli, Angel",683409,2025,"342","129",1022,46.6,29.7
"McDonald, Trevor",686790,2025,"58","45",212,50.9,29.6
"Curtiss, John",595928,2025,"184","70",545,54.3,20.4
"Webb, Jacob",657097,2025,"312","149",978,51.4,27.6
"Oviedo, Johan",670912,2025,"251","121",665,50.1,29.9
"Devenski, Chris",606965,2025,"95","45",262,48.5,21.9
"Gray, Sonny",543243,2025,"839","511",2719,50.5,27.5
"Vásquez, Randy",681190,2025,"747","365",2148,53.5,15.7
"Estrada, Jeremiah",669093,2025,"391","179",1236,50.5,34.9
"VanWey, Logan",701121,2025,"62","36",182,51.1,16.9
"Sheehan, Emmet",686218,2025,"383","161",1146,47.6,32.9
"Bieber, Shane",669456,2025,"220","113",645,50.4,27.9
"Buttó, José",676130,2025,"381","151",1095,43.6,28.8
"Ryan, Joe",657746,2025,"906","443",2795,55,26.1
"Thielbar, Caleb",573204,2025,"251","144",839,52.7,26.9
"Akin, Keegan",669211,2025,"348","154",1058,52.3,25.6
"Bummer, Aaron",607481,2025,"295","197",932,47.9,22.9
"McCullers Jr., Lance",621121,2025,"437","214",1147,47.8,25.1
"May, Dustin",669160,2025,"759","401",2169,51.8,20
"Walker, Taijuan",592836,2025,"724","359",2061,50.6,18.5
"Mejia, Juan",675848,2025,"369","172",1074,49.7,30.4
"Palmquist, Carson",687223,2025,"270","112",705,47.7,21
"Gallen, Zac",668678,2025,"1073","568",3135,46.9,23.7
"Miller, Shelby",571946,2025,"215","118",705,49.8,31.7
"Treinen, Blake",595014,2025,"171","92",511,47.7,25.6
"Megill, Tylor",656731,2025,"401","216",1234,48.8,30.7
"Hernandez, Nick",663321,2025,"88","28",221,40.3,31
"Bowden, Ben",641386,2025,"61","28",187,51.3,22.1
"Ogasawara, Shinnosuke",829272,2025,"235","115",674,54.2,23.5
"Topa, Justin",623437,2025,"320","185",980,53.1,18.1
"Kremer, Dean",665152,2025,"888","444",2753,50.6,22.9
"Johnson, Seth",686751,2025,"63","32",214,55.1,27.8
"Williams, Gavin",668909,2025,"1026","465",2925,49.7,27.7
"Suarez, Robert",663158,2025,"330","148",1076,55.9,24
"Miller, Erik",669062,2025,"178","57",482,41.5,30.7
"Snider, Collin",676092,2025,"142","64",477,54.1,21.7
"McGee, Easton",668834,2025,"62","40",223,56.5,19.2
"Jansen, Kenley",445276,2025,"254","121",869,57.3,25.8
"Gaddis, Hunter",683769,2025,"339","156",1049,48,32.2
"Vodnik, Victor",680767,2025,"355","129",919,46.9,26.5
"Matsui, Yuki",673513,2025,"367","128",1063,46.3,30.3
"Thornton, Trent",663423,2025,"202","113",656,54.9,20.6
"Lazar, Max",676661,2025,"217","114",646,54.3,20.3
"Dollander, Chase",801403,2025,"661","252",1778,50.7,22.9
"Merryweather, Julian",657240,2025,"119","63",353,51.6,19.2
"Murphy, Chris",669684,2025,"207","89",569,47.1,26.5
"Lucchesi, Joey",664192,2025,"211","118",632,52.1,19.6
"Pallante, Andre",669467,2025,"924","407",2720,47.7,22.3
"Festa, Matt",670036,2025,"251","134",817,57,27.3
"Matz, Steven",571927,2025,"354","227",1160,56.6,18.8
"Whitlock, Garrett",676477,2025,"344","182",1180,51.4,32.8
"Walter, Brandon",687888,2025,"260","136",814,51.7,24.6
"Banks, Tanner",621383,2025,"342","169",1084,55.1,21.9
"Pearson, Nate",663878,2025,"103","46",280,53.9,19
"Weathers, Ryan",677960,2025,"208","99",642,53.4,28.8
"Burnes, Corbin",669203,2025,"338","175",1009,45.9,25.7
"Stroman, Marcus",573186,2025,"256","102",704,48.4,19.2
"Wentz, Joey",666214,2025,"578","259",1815,49.6,23.5
"Rogers, Taylor",573124,2025,"299","184",894,54.3,23.2
"Mahle, Tyler",641816,2025,"467","212",1381,53,23.2
"Kelly, Zack",677161,2025,"181","96",582,51.7,23.3
"Rashi, Taylor",688497,2025,"126","67",319,48,29.3
"Holmes, Clay",605280,2025,"948","497",2764,48.5,22.1
"Duran, Jhoan",661395,2025,"344","138",1073,51.2,30.8
"Berríos, José",621244,2025,"892","448",2584,47.3,22
"Hagenman, Justin",663795,2025,"131","55",383,47,26
"Morejon, Adrian",670970,2025,"306","206",999,56.2,23.8
"Bibee, Tanner",676440,2025,"1010","528",2970,52.2,23.8
"Winn, Keaton",676775,2025,"48","23",165,51.5,30.8
"Maton, Phil",664208,2025,"339","181",1008,51.8,36.2
"Waddell, Brandon",663399,2025,"183","77",512,48.8,20.6
"Poulin, PJ",676571,2025,"152","72",419,46.5,26.6
"Erceg, Lucas",668674,2025,"315","144",963,50.9,24.7
"Dunning, Dane",641540,2025,"137","56",372,49.2,25.1
"Kelly, Michael",547184,2025,"234","128",658,51.2,22.2
"Winn, Cole",668390,2025,"221","99",619,50.2,22.9
"Falter, Bailey",663559,2025,"674","330",1951,53.7,18.1
"Hicks, Jordan",663855,2025,"414","222",1199,51,23.1
"Maxwell, Zach",687209,2025,"58","26",165,49.7,35.5
"Montero, Rafael",606160,2025,"404","149",1088,43.6,29.3
"Carrasco, Carlos",471911,2025,"286","117",779,47.2,22.5
"Liberatore, Matthew",669461,2025,"755","403",2388,51.3,20.2
"Brazobán, Huascar",623211,2025,"321","162",1011,48.5,23.9
"Rocker, Kumar",677958,2025,"362","167",1127,51,24.9
"Pepiot, Ryan",686752,2025,"928","385",2699,52.3,26
"Loutos, Ryan",702795,2025,"76","41",231,52.8,17
"Snell, Blake",605483,2025,"352","153",1028,44.2,35.6
"Assad, Javier",665871,2025,"193","98",567,54,16.5
"Vargas, Carlos",672841,2025,"351","191",1095,55.5,18.9
"Gausman, Kevin",592332,2025,"904","478",3030,51,26.4
"Blubaugh, AJ",805123,2025,"182","73",507,49.3,30
"Criswell, Cooper",681867,2025,"94","44",276,45.7,14.9
"Alvarado, José",621237,2025,"146","74",457,50.3,24.3
"Salazar, Eduardo",674285,2025,"193","81",545,52.8,20.7
"Armstrong, Shawn",542888,2025,"361","209",1118,54.7,24.4
"Ruiz, José",614179,2025,"98","36",302,50,26.8
"Miley, Wade",489119,2025,"76","39",205,47.8,11.9
"Hall, DL",669084,2025,"221","96",588,52.2,19.6
"Winckowski, Josh",670174,2025,"76","22",207,45.9,26.7
"Detmers, Reid",672282,2025,"345","185",1084,53.5,32.7
"Weissert, Greg",669711,2025,"366","185",1069,51.4,22.4
"Blackburn, Paul",621112,2025,"219","108",666,47.3,22.5
"Fairbanks, Pete",664126,2025,"300","161",987,55.2,26.1
"Spence, Mitch",687765,2025,"428","200",1354,49.2,25.7
"Stephenson, Robert",596112,2025,"34","24",147,51.7,38.3
"Bachar, Lake",669199,2025,"380","202",1143,47.9,30.2
"Hill, Jaden",677955,2025,"166","70",489,49.9,26.1
"Freeland, Kyle",607536,2025,"721","415",2482,54.6,21
"Garrett, Reed",657585,2025,"338","163",979,44.6,30.5
"Lara, Andry",691251,2025,"90","37",255,54.9,13.3
"Ashby, Aaron",676879,2025,"328","211",1033,50.1,27
"Brown, Hunter",686613,2025,"1069","504",2962,46.9,27.8
"Montero, Keider",672456,2025,"459","279",1473,53.7,19.8
"Abreu, Bryan",650556,2025,"431","190",1189,46,41.2
"Murdock, Noah",668716,2025,"147","86",392,46.4,25.8
"McDaniels, Garrett",680729,2025,"72","31",191,45,24
"Tong, Jonah",804636,2025,"116","73",371,52.3,22.1
"Lee, Dylan",669276,2025,"325","175",1102,52.2,33.6
"Selby, Colin",681882,2025,"69","31",214,54.7,29
"Clase, Emmanuel",661403,2025,"205","104",746,54.6,32.1
"Pilkington, Konnor",663455,2025,"188","74",500,46,29.1
"Gibson, Cade",806188,2025,"311","178",908,48.8,22.3
"Bednar, David",670280,2025,"313","199",1024,53.7,31.1
"Mey, Luis",682825,2025,"161","72",420,46.4,25.6
"Jobe, Jackson",695549,2025,"322","148",877,47.1,24.7
"Simpson, Josh",681006,2025,"216","104",613,50.4,26.1
"Lao, Sauryn",666659,2025,"57","26",185,50.8,29.9
"Kent, Zak",687849,2025,"110","56",308,49.4,22.9
"Hoffmann, Andrew",694851,2025,"88","29",245,45.7,31.3
"Morgan, David",688158,2025,"266","106",766,49.9,25.5
"Valdez, Framber",664285,2025,"917","495",2891,51,26.6
"Bruihl, Justin",677865,2025,"72","55",219,54.3,22.5
"Jarvis, Bryce",686826,2025,"155","79",409,51.8,20.9
"Alcala, Jorge",660896,2025,"364","175",1058,51.1,25.7
"Birdsong, Hayden",806185,2025,"418","181",1194,46.1,28.4
"Gibson, Kyle",502043,2025,"99","38",280,38.9,20.6
"Bergert, Ryan",686701,2025,"459","208",1312,51.8,23.9
"Kahnle, Tommy",592454,2025,"374","180",1035,47.4,25.4
"Early, Connelly",813349,2025,"108","43",323,47.7,33.9
"Alexander, Scott",518397,2025,"108","45",313,51.8,18.6
"Ashcraft, Graham",668933,2025,"319","165",1039,47.1,29.8
"Sproat, Brandon",687075,2025,"94","53",290,54.5,15.1
"Glasnow, Tyler",607192,2025,"545","266",1480,51.5,28.2
"Muñoz, Roddery",682610,2025,"75","29",229,46.7,30.7
"Saalfrank, Andrew",685314,2025,"133","70",427,52.5,27.9
"Junk, Janson",676083,2025,"465","260",1622,54.9,18.2
"Luzardo, Jesús",666200,2025,"973","515",3013,50.5,30.8
"Bigge, Hunter",685801,2025,"77","28",227,48.5,28
"Eflin, Zach",621107,2025,"371","176",1127,51.2,20.5
"Latz, Jacob",656641,2025,"491","192",1388,51,29.4
"Romero, JoJo",668941,2025,"336","207",990,49.6,27
"Boyd, Matthew",571510,2025,"865","429",2746,54.5,23.1
"Feltner, Ryan",663372,2025,"180","71",522,49,26.5
"Okert, Steven",595345,2025,"343","156",1052,54.1,32.8
"Kershaw, Clayton",477132,2025,"580","313",1770,51.3,24.3
"Montgomery, Mason",682254,2025,"275","120",859,51.6,35.8
"Blalock, Bradley",687134,2025,"364","146",1033,50.7,15.9
"Coulombe, Danny",543056,2025,"234","99",719,45.5,27.7
"Jax, Griffin",643377,2025,"315","187",1093,47.9,37.3
"Junis, Jakob",596001,2025,"345","212",1032,53.3,22.7
"Lorenzen, Michael",547179,2025,"790","362",2318,50.1,23.4
"Taylor, Grant",691799,2025,"189","109",610,56.1,30.7
"Lynch IV, Daniel",663738,2025,"387","208",1088,51.1,22.3
"Marinaccio, Ron",676760,2025,"52","23",164,45.7,29.5
"Yarbrough, Ryan",642232,2025,"361","181",1017,50.1,26.6
"Mikolas, Miles",571945,2025,"799","449",2483,55.9,16.5
"Stewart, Brock",592779,2025,"200","87",610,53.3,31.1
"Davis, Noah",663562,2025,"90","53",251,47.4,26.6
"Spiers, Carson",686730,2025,"96","36",245,44.1,22.6
"Curvelo, Luis",681168,2025,"115","55",325,51.1,22.4
"Speier, Gabe",642100,2025,"254","160",921,54.1,30.9
"Morton, Charlie",450203,2025,"863","416",2548,49,27.9
"Patrick, Chad",694477,2025,"699","290",2010,50.4,23.5
"Beeter, Clayton",690925,2025,"179","65",465,48.6,32.9
"Weaver, Luke",596133,2025,"336","136",1049,49.1,31
"Effross, Scott",664123,2025,"50","24",156,53.8,15.9
"Alexander, Jason",669920,2025,"448","226",1252,51.8,24.6
"Hader, Josh",623352,2025,"247","109",847,49.4,40.5
"Festa, David",701581,2025,"291","115",882,50.9,27.4
"Suarez, José",660761,2025,"103","49",295,47.8,33.6
"Martinez, Justin",679885,2025,"107","51",269,46.5,37.3
"Brieske, Beau",689225,2025,"158","53",405,45.7,21.2
"DeSclafani, Anthony",543101,2025,"214","104",634,49.1,25.9
"Burke, Sean",680732,2025,"830","366",2376,50.2,25.1
"Tolle, Payton",801139,2025,"108","31",304,56.9,30.1
"Kowar, Jackson",663804,2025,"102","34",281,43.4,25.2
"Cecconi, Slade",677944,2025,"680","366",2063,53.8,22.5
"Graveman, Kendall",608665,2025,"135","41",324,38.9,28.1
"Brasier, Ryan",518489,2025,"128","55",404,50.5,20.8
"McGreevy, Michael",700241,2025,"503","238",1465,51.1,19.2
"Lively, Ben",594902,2025,"257","121",719,53,16.2
"Zeferjahn, Ryan",666171,2025,"362","168",1029,50.3,30.3
"Gillispie, Connor",687362,2025,"162","84",471,50.3,21.4
"Cox, Austin",680735,2025,"146","63",427,50.8,18.4
"Knack, Landon",689017,2025,"279","121",773,52.3,21.6
"Peguero, Joel",666711,2025,"96","51",315,52.4,22.1
"Bender, Anthony",669622,2025,"259","186",783,54.5,20.6
"Rodríguez, Manuel",655889,2025,"136","65",431,49.7,25.9
"Minter, A.J.",621345,2025,"68","37",185,45.9,34.2
"Molina, Anthony",683627,2025,"208","88",608,44.4,24.2
"Leiter Jr., Mark",643410,2025,"262","143",832,47.6,29.1
"Schlittler, Cam",693645,2025,"411","196",1253,53.3,26.1
"Wacha, Michael",608379,2025,"870","403",2666,53,21.3
"Anderson, Tyler",542881,2025,"778","350",2339,48.6,25
"Corbin, Patrick",571578,2025,"886","415",2588,47.1,26.9
"Domínguez, Seranthony",622554,2025,"400","166",1102,44.6,33.3
"Littell, Zack",641793,2025,"874","423",2788,54.1,20.4
"Martin, Chris",455119,2025,"175","97",638,55.5,21.8
"Guerrero, Luis",692285,2025,"115","37",289,40.8,29.5
"Fitts, Richard",690916,2025,"227","95",735,50.2,25.3
"Pomeranz, Drew",519141,2025,"241","135",800,54.9,24.5
"Burgos, Juan",686228,2025,"76","33",220,48.2,26.9
"Woods Richardson, Simeon",680573,2025,"638","283",1878,50.6,24.1
"Brown, Ben",676962,2025,"558","307",1759,52.5,28.3
"Jacob, Alek",689690,2025,"203","108",586,52.7,21.3
"Wesneski, Hayden",669713,2025,"169","92",508,53.5,23.2
"Springs, Jeffrey",605488,2025,"1026","475",2847,47.8,26
"Priester, Quinn",682990,2025,"873","410",2468,50.2,24.5
"Holman, Grant",680880,2025,"138","49",376,44.4,27.7
"Saucedo, Tayler",642048,2025,"85","40",232,47,23.3
"Chafin, Andrew",605177,2025,"195","99",614,44.1,27.7
"Reynolds, Sean",669308,2025,"199","75",494,51.8,22.7
"Peralta, Freddy",642547,2025,"1091","456",3086,45,30.1
"Smith, Dylan",681916,2025,"53","22",165,50.9,24.1
"Pérez, Cionel",672335,2025,"144","72",437,49,24.6
"Roupp, Landen",694738,2025,"644","355",1851,47.3,25.2
"Schultz, Paxton",687606,2025,"151","79",448,46.2,27.4
"Gibaut, Ian",664139,2025,"127","61",388,53.9,17.5
"Wilson, Justin",458677,2025,"260","109",816,48.4,31.9
"Alexander, Tyler",641302,2025,"519","272",1585,53.6,21.5
"Steele, Justin",657006,2025,"89","58",313,54.6,18.5
"Robert, Daniel",642016,2025,"96","40",255,52.5,30.8
"Gordon, Colton",676467,2025,"457","242",1451,55.6,18
"Mize, Casey",663554,2025,"759","383",2353,52.3,24.1
"Hendricks, Kyle",543294,2025,"829","480",2573,50.3,18.3
"Young, Brandon",687064,2025,"306","158",940,49.5,21.6
"Kranick, Max",668820,2025,"157","69",529,58.2,20.7
"Cameron, Noah",702070,2025,"743","333",2164,50.6,26.6
"Soroka, Michael",647336,2025,"523","273",1528,53.1,23.7
"Seabold, Connor",657756,2025,"61","27",185,54.1,21.9
"Boushley, Caleb",676961,2025,"280","142",742,48.4,20.8
"Estes, Joey",683155,2025,"67","19",186,51.1,17.7
"Long, Sam",669674,2025,"274","126",786,51.1,19.1
"Petersen, Michael",656848,2025,"103","39",327,49.5,24
"Rasmussen, Drew",656876,2025,"765","391",2316,53.4,22.2
"Henriquez, Edgardo",683618,2025,"92","34",279,53.8,29
"Scherzer, Max",453286,2025,"448","228",1390,52.9,23.6
"Smith, Shane",681343,2025,"816","363",2419,53.7,27.7
"King, Bryan",687911,2025,"312","202",1046,56.8,24.4
"Manaea, Sean",640455,2025,"333","175",1095,56.1,26.8
"Rodríguez, Elvin",660730,2025,"122","59",335,50.1,22.3
"Bernardino, Brennan",657514,2025,"288","163",833,50.2,19.3
"Hiraldo, Yaramil",682274,2025,"104","27",314,43.9,37.1
"Boyle, Joe",671212,2025,"348","160",934,52.6,29
"Richardson, Lyon",680689,2025,"252","131",674,47,22.3
"Rolison, Ryan",669020,2025,"220","119",676,53.4,17.4
"Singer, Brady",663903,2025,"1020","512",2850,49.8,24
"Baz, Shane",669358,2025,"905","435",2718,52.3,25.8
"Wilson, Bryse",669060,2025,"299","130",854,47.3,16.7
"Schmidt, Clarke",657376,2025,"425","207",1226,51.6,26.6
"Gilbert, Logan",669302,2025,"646","328",2156,51.4,32.9
"Uceta, Edwin",670955,2025,"398","150",1214,49.6,35.6
"Keller, Mitch",656605,2025,"929","484",2870,53.5,20.6
"Yates, Kirby",489446,2025,"260","88",762,48.3,35.3
"Javier, Cristian",664299,2025,"227","103",617,49.4,24
"Pérez, Martín",527048,2025,"329","168",902,49.7,20.9
"Herrin, Tim",682120,2025,"263","137",750,45.6,29.4
"Verlander, Justin",434378,2025,"820","436",2608,51,24.8
"Mattson, Isaac",676755,2025,"254","123",777,54.3,23.2
"Keller, Brad",641745,2025,"387","201",1113,48.3,26.9
"Sandlin, Nick",680704,2025,"113","43",290,45.9,35.7
"Tinoco, Jesus",622786,2025,"101","62",304,47.4,16.5
"Francis, Bowden",670102,2025,"389","181",1141,49.7,23.3
"Santillan, Tony",663574,2025,"399","183",1230,53.3,27
"Kopech, Michael",656629,2025,"94","39",231,50.6,28.7
"Little, Brendon",663893,2025,"413","202",1240,36.4,43.5
"Kriske, Brooks",621139,2025,"144","72",381,46.5,23.6
"Hoffman, Jeff",656546,2025,"356","174",1128,48.4,31.6
"Farris, Mitch",815083,2025,"137","56",405,49.6,28.6
"Mederos, Victor",682989,2025,"128","49",314,49.7,22.4
"Ferguson, Caleb",657571,2025,"342","173",1042,53,21.4
"Herget, Kevin",643361,2025,"75","33",216,54.6,12.5
"Senzatela, Antonio",622608,2025,"801","338",2284,50.3,18.1
"Murfee, Penn",682171,2025,"81","40",232,45.3,25.7
"Ginkel, Kevin",656464,2025,"169","70",491,45,28.1
"Warren, Will",701542,2025,"1012","535",2802,48.5,24.6
"López, Jorge",605347,2025,"115","70",387,54,17.1
"Robertson, David",502085,2025,"109","60",304,46.4,23.8
"Henriquez, Ronny",678692,2025,"362","181",1158,46.9,36
"Abel, Mick",690953,2025,"246","106",720,53.5,25.4
"Beck, Tristan",663941,2025,"268","140",817,52.9,22.9
"Messick, Parker",800048,2025,"198","125",625,52.3,26
"Peralta, Luis",678821,2025,"172","67",436,45.4,20.8
"Nance, Tommy",667297,2025,"138","95",461,52.5,24.7
"Stratton, Hunter",676702,2025,"101","51",343,56,20.6
"McFarland, T.J.",519008,2025,"87","52",272,50.7,17.1
"Anderson, Nick",623433,2025,"73","36",241,56.4,19
"Hill, Tim",657612,2025,"270","141",899,52.6,16.4
"Ray, Robbie",592662,2025,"1044","443",3069,49.7,27.8
"Lopez, Jacob",682052,2025,"610","279",1666,47,28.3
"Olson, Reese",681857,2025,"413","194",1159,43.7,29.7
"Tonkin, Michael",543859,2025,"139","77",397,52.6,20.7
"Cantillo, Joey",676282,2025,"566","317",1637,54.2,29.7
"Pagán, Emilio",641941,2025,"351","131",1068,50.3,29.2
"Suárez, Albert",544150,2025,"57","25",173,47.4,24.1
"Sánchez, Cristopher",650911,2025,"865","507",2896,51.9,30.4
"Gordon, Tanner",685299,2025,"368","179",1244,56.1,18
"Eovaldi, Nathan",543135,2025,"593","312",1919,53.6,27.7
"Henry, Cole",669371,2025,"368","155",967,49,25.6
"Aldegheri, Sam",691951,2025,"116","46",303,43.6,21.1
"Woodford, Jake",663765,2025,"231","99",625,49,16.4
"Basso, Brady",669620,2025,"70","30",206,54.4,20.2
"Scott, Tayler",605463,2025,"204","88",536,46.3,27.7
"Rutledge, Jackson",671131,2025,"489","197",1339,50.3,25.3
"Ort, Kaleb",672391,2025,"291","112",788,47.7,29.2
"Legumina, Casey",668984,2025,"286","145",861,55.2,24.6
"Orze, Eric",679358,2025,"233","92",681,53.5,27
"Koenig, Jared",657649,2025,"345","217",1043,56.3,22.9
"Castillo, José",620454,2025,"172","106",543,50.3,22.6
"Rodríguez, Randy",678495,2025,"251","134",808,52.8,31.1
"Mayza, Tim",641835,2025,"97","55",301,52.2,25.4
"Phillips, Connor",683175,2025,"133","74",377,46.7,37.4
"Ribalta, Orlando",687377,2025,"171","71",501,47.3,25.8
"Harvey, Hunter",640451,2025,"53","24",167,46.7,30.6
"Garcia, Brandyn",805299,2025,"100","48",277,50.9,22.1
"McGough, Scott",543518,2025,"106","39",297,46.5,30.8
"Ohtani, Shohei",660271,2025,"237","120",753,52.9,32.5
"Newcomb, Sean",656794,2025,"513","288",1546,51.9,21.4
"Márquez, Germán",608566,2025,"684","305",2085,51.3,18.6
"Mears, Nick",683232,2025,"242","127",845,55.9,25
"Hendriks, Liam",521230,2025,"78","35",232,41.4,29.6
"Strahm, Matt",621381,2025,"301","157",993,54,23.8
"Wilson, Steven",621051,2025,"335","146",974,51.7,24.8
"Sugano, Tomoyuki",608372,2025,"876","415",2565,48.4,18.5
"Kimbrel, Craig",518886,2025,"95","36",230,43.9,29.8
"Harrison, Kyle",690986,2025,"194","92",588,52,25.9
"Clarke, Taylor",664199,2025,"285","146",865,50.5,23.3
"Lord, Brad",695418,2025,"734","313",2128,54.9,21.3
"Greene, Hunter",668881,2025,"529","265",1748,54.7,31.4
"Vest, Will",676684,2025,"364","193",1137,50,26.7
"Kirby, George",669923,2025,"675","337",2086,49.9,26.7
"Zerpa, Angel",672582,2025,"363","235",1099,54.9,16.4
"Stratton, Chris",608717,2025,"142","65",411,48.9,27.3
"Anderson, Shaun",641312,2025,"72","36",217,55.6,23.8
"Hamilton, Ian",641656,2025,"215","93",641,48,27.8
"Smith-Shawver, AJ",700363,2025,"246","121",711,48.4,27.1
"Thompson, Mason",666168,2025,"95","40",239,46.9,21.6
"Fluharty, Mason",689254,2025,"297","143",859,47.8,31.9
"Kinley, Tyler",641755,2025,"404","186",1225,48.2,31.2
"Payamps, Joel",606303,2025,"159","90",449,50.8,25
"Dodd, Dylan",689266,2025,"159","70",536,50.6,30.9
"Bubic, Kris",663460,2025,"576","301",1795,51.9,28.8
"Strowd, Kade",669704,2025,"144","64",406,49.3,26.8
"Ferguson, Tyler",621053,2025,"346","155",990,47.2,26
"Arias, Luarbert",678215,2025,"75","33",207,56,15.8
"Smith, Cade",671922,2025,"370","179",1182,52.5,34.3
"Beeks, Jalen",656222,2025,"320","104",916,48.5,27.7
"Contreras, Roansy",672710,2025,"65","32",197,51.3,20
"Cano, Yennier",666974,2025,"330","177",986,48.5,23.5
"García, Yimi",554340,2025,"120","64",359,53.8,30.7
"Gómez, Yoendrys",672782,2025,"373","177",1099,49.7,23.9
"García, Luis",472610,2025,"284","136",896,50.7,24.1
"Brown, McCade",685326,2025,"189","79",502,48.6,23.3
"Melton, Troy",675512,2025,"228","104",656,52.7,23.3
"Thompson, Ryan",657044,2025,"214","111",650,47.8,25.3
"Hurter, Brant",676428,2025,"368","196",1052,50.4,26
"Darvish, Yu",506433,2025,"388","208",1158,54,23
"Morales, Luis",806960,2025,"311","136",821,51.5,23.5
"Veneziano, Anthony",685107,2025,"155","76",483,49.1,24.3
"Miller, Bryce",682243,2025,"522","211",1543,52.4,24.2
"Flexen, Chris",623167,2025,"224","100",673,52.6,16.7
"Svanson, Matt",694335,2025,"331","190",964,53,23.1
"Peterson, David",656849,2025,"896","472",2699,49.5,24
"Rangel, Alan",660604,2025,"66","30",174,51.1,17.3
"Bassitt, Chris",605135,2025,"982","482",2829,51.8,23.3
"Kerkering, Orion",689147,2025,"365","228",1073,54.2,23.7
"Ober, Bailey",641927,2025,"745","355",2356,51.5,24.1
"Rodríguez, Yariel",684320,2025,"444","157",1159,46.2,27.5
"Sterner, Justin",686993,2025,"375","147",1093,46.4,30.8
"Ferrer, Jose A.",678606,2025,"371","204",1208,54.6,24.8
"Funderburk, Kody",681892,2025,"255","148",725,53,21.4
"Rogers, Tyler",643511,2025,"248","194",978,60.6,15.9
"Trivino, Lou",642152,2025,"306","129",841,50.7,25.1
"Ragans, Cole",666142,2025,"356","170",1079,51.7,34.8
"López, Pablo",641154,2025,"414","202",1259,50.4,25.9
"Barlow, Scott",605130,2025,"466","242",1274,46.9,30.8
"Crochet, Garrett",676979,2025,"1000","483",3151,52.6,29.4
"Houck, Tanner",656557,2025,"268","136",749,47.1,21.6
"Castillo, Luis",622491,2025,"1002","407",2988,50.4,24.6
"Dobbins, Hunter",690928,2025,"307","169",931,50.7,21.9
"Hatch, Thomas",641672,2025,"222","64",586,44,19.2
"Leasure, Jordan",673929,2025,"406","143",1130,46.6,31.9
"Moreta, Dauri",664294,2025,"96","48",285,50.2,32.4
"Rea, Colin",607067,2025,"862","440",2534,50.9,22
"González, Wikelman",682790,2025,"142","61",368,50.5,32.3
"Hart, Kyle",606996,2025,"236","137",691,51.4,19.9
"Fedde, Erick",607200,2025,"885","385",2369,49,18
"Myers, Tobias",668964,2025,"260","125",826,55.1,21.4
"Webb, Logan",657277,2025,"1042","648",3282,49.4,24.7
"Brzykcy, Zach",694350,2025,"169","49",459,44.9,27
"Povich, Cade",700249,2025,"684","350",1971,50.6,24.2
"Harris, Hogan",663687,2025,"373","206",1125,54,23
"Leiter, Jack",683004,2025,"885","386",2584,52,24.3
"Gipson-Long, Sawyer",687830,2025,"142","76",463,57,24.4
"Heaney, Andrew",571760,2025,"714","340",2082,51.1,19.9
"Paddack, Chris",663978,2025,"840","353",2565,49.7,20.7
"Fuentes, Didier",800311,2025,"107","45",293,50.5,23.9
"Eisert, Brandon",685126,2025,"440","173",1216,44.4,32
"Miller, Mason",695243,2025,"327","144",972,46.1,45.2
"Kolek, Stephen",663568,2025,"582","293",1689,51.9,17.7
"Matthews, Zebby",805673,2025,"427","203",1353,53.4,27.5
"Woo, Bryan",693433,2025,"851","392",2714,55.5,26.2
"Alvarez, Andrew",674841,2025,"166","73",417,50.4,22.2
"Strider, Spencer",675911,2025,"716","285",2110,46.3,30.6
"Skubal, Tarik",669373,2025,"803","442",2849,55,32.5
"Severino, Luis",622663,2025,"963","437",2731,51.7,18.3
"Booser, Cam",592155,2025,"193","89",571,49.9,30
"Civale, Aaron",650644,2025,"620","306",1747,50.9,21.8
"Contreras, Luis",664351,2025,"88","33",224,43.3,32.3
"Klein, Will",694361,2025,"119","47",305,44.3,27.3
"Bellozo, Valente",678368,2025,"452","188",1322,51.4,20.2
"Cortes, Nestor",641482,2025,"222","110",599,49.4,25
"Faucher, Calvin",676534,2025,"388","184",1054,47.8,23.7
"Johnson, Pierce",572955,2025,"308","205",968,53.2,26.2
"Cabrera, Edward",665795,2025,"773","408",2252,48.8,29.4
"Buehler, Walker",621111,2025,"782","372",2189,47.5,19.2
"Flaherty, Jack",656427,2025,"945","509",2831,47,27.3
"Bradish, Kyle",680694,2025,"157","92",494,49.4,34.8
"Lee, Chase",695445,2025,"213","118",600,52.7,21.1
"Woodruff, Brandon",605540,2025,"285","177",964,57.2,27.9
"Wheeler, Zack",554430,2025,"809","344",2394,50.1,31.5
"Agnos, Zach",688642,2025,"209","54",527,44.8,29.4
"Varland, Louis",686973,2025,"301","157",1066,53.8,27.1
"Martinez, Nick",607259,2025,"845","455",2578,55.3,19.9
"Lawrence, Justin",664875,2025,"105","49",270,45.6,29.5
"Gomber, Austin",596295,2025,"313","170",999,55.1,15.9
"Holderman, Colin",670059,2025,"159","88",492,51,25.8
"Casparius, Ben",676508,2025,"410","180",1262,51.2,27.6
"Kikuchi, Yusei",579328,2025,"1050","480",3094,52.2,23.6
"Williams, Devin",642207,2025,"376","158",1115,46,37.7
"Dreyer, Jack",676263,2025,"355","170",1146,54,26.7
"Bido, Osvaldo",674370,2025,"470","198",1380,52.8,25
"Sims, Lucas",608371,2025,"113","50",279,44.4,35.3
"Seymour, Carson",693313,2025,"222","113",621,52.2,21.8
"Slaten, Justin",686580,2025,"153","64",499,54.7,27.9
"Schreiber, John",670167,2025,"365","176",1047,52.4,23.4
"Skenes, Paul",694973,2025,"1013","464",2997,50.8,30.1
"Milner, Hoby",571948,2025,"387","251",1157,54.4,15.5
"Bachman, Sam",696147,2025,"106","62",335,51.6,26.8
"Granillo, Andre",701552,2025,"121","52",361,52.6,31.5
"Darnell, Dugan",699911,2025,"70","33",186,47.8,17.1
"Walker, Ryan",676254,2025,"339","217",1018,52.9,21.6
"Murray, Jayden",681151,2025,"51","31",176,59.7,21.5
"Yesavage, Trey",702056,2025,"79","42",239,48.5,35.4
"Chandler, Bubba",696149,2025,"148","71",461,51.2,30.3
"Estévez, Carlos",608032,2025,"344","167",1043,55.8,19
"Williams, Trevor",592866,2025,"489","246",1448,50.4,19.8
"Brebbia, John",605154,2025,"150","81",459,54.7,19.8
"Misiorowski, Jacob",694819,2025,"395","182",1164,54.6,29.7
"Kelly, Kevin",687330,2025,"207","107",588,54.3,21.2
"Stanek, Ryne",592773,2025,"337","123",1063,49.6,27.8
"Mlodzinski, Carmen",669387,2025,"568","280",1647,50.4,23
"Gray, Jon",592351,2025,"73","30",210,50,21
"Lauer, Eric",641778,2025,"529","299",1682,53.9,23.7
"Pressly, Ryan",519151,2025,"220","111",661,52.2,17.4
"Cruz, Steven",674444,2025,"215","99",642,56.1,24.3
"Barnett, Mason",686930,2025,"156","66",431,50.8,21.2
"Zastryzny, Rob",642239,2025,"117","48",347,53,32.2
"Ortiz, Luis",682847,2025,"518","269",1501,51.3,28.9
"Dubin, Shawn",681869,2025,"193","99",551,50.1,20.7
"Blanco, Ronel",669854,2025,"284","124",794,47.5,32
"Uribe, Abner",682842,2025,"375","220",1164,53,32
"Garcia, Robert",676395,2025,"283","171",972,52.4,28.6
"Adam, Jason",592094,2025,"369","163",1087,47.6,33.3
"Fisher, Braydon",680755,2025,"262","183",834,49,29.9
"Houser, Adrian",605288,2025,"622","296",1892,51.5,18.1
"Brogdon, Connor",641401,2025,"292","123",840,48.6,29.3
"Herget, Jimmy",623474,2025,"433","233",1282,52.1,26.9
"Quintana, Jose",500779,2025,"784","389",2174,46.8,18.4
"Sasaki, Roki",808963,2025,"230","101",621,48.8,22.1
"Bello, Brayan",678394,2025,"945","439",2697,48.7,20.1
"Wrobleski, Justin",680736,2025,"347","179",1092,58.2,24.6
"Suarez, Ranger",624133,2025,"785","430",2430,51.1,22.2
"Ramírez, Yohan",670990,2025,"190","99",604,53.5,25.8
"Pérez, Eury",691587,2025,"558","233",1673,51.4,28.4
"Altavilla, Dan",656186,2025,"167","67",456,50.7,22.5
"Evans, Logan",688138,2025,"475","237",1338,51.6,19.4